feature,mean,std
weekly_hours,37.88516746411483,2.35171119530406
cash_per_capita,42823.68559808612,80091.47170425674
maternity_per_capita,247.1180861244019,654.7883808008079
services_per_capita,26039.311818181817,55432.92846715322
weekly_hours_squared,1440.8164593301435,171.32821068027252
weekly_hours_cubed,54987.97560406699,9433.38251966627
cash_per_capita_squared,8248511887.957485,29649230343.23013
services_per_capita_squared,3750855318.4090295,14370423518.429205
